{
  "version": 1,
  "author": "Anonymous maker",
  "editor": "wokwi",
  "parts": [
    { "type": "wokwi-arduino-uno", "id": "uno", "top": 0.6, "left": -0.6, "attrs": {} },
    { "type": "wokwi-hc-sr04", "id": "ultrasonic1", "top": -180.9, "left": -23.3, "attrs": {} },
    {
      "type": "wokwi-led",
      "id": "led1",
      "top": -109.2,
      "left": -130.6,
      "attrs": { "color": "red" }
    },
    {
      "type": "wokwi-resistor",
      "id": "r1",
      "top": -25.4,
      "left": -144.85,
      "rotate": 270,
      "attrs": { "value": "220" }
    },
    { "type": "wokwi-potentiometer", "id": "pot1", "top": -154.9, "left": 335.8, "attrs": {} },
    {
      "type": "wokwi-buzzer",
      "id": "bz1",
      "top": -151.2,
      "left": 174.6,
      "attrs": { "volume": "0.1" }
    }
  ],
  "connections": [
    [ "ultrasonic1:VCC", "uno:5V", "red", [ "v182.4", "h111.4" ] ],
    [ "ultrasonic1:GND", "uno:GND.2", "black", [ "v163.2", "h90.9" ] ],
    [ "ultrasonic1:TRIG", "uno:9", "green", [ "v28.8", "h104.4" ] ],
    [ "ultrasonic1:ECHO", "uno:10", "green", [ "v19.2", "h84.9" ] ],
    [ "bz1:2", "uno:12", "green", [ "v28.8", "h-77.7" ] ],
    [ "bz1:1", "uno:GND.1", "green", [ "v19.2", "h-86.7" ] ],
    [ "led1:A", "uno:11", "green", [ "v38.4", "h249" ] ],
    [ "led1:C", "r1:2", "green", [ "v0" ] ],
    [ "r1:1", "uno:GND.2", "green", [ "v134.4", "h284.1" ] ],
    [ "pot1:GND", "uno:GND.3", "black", [ "v0" ] ],
    [ "pot1:VCC", "uno:5V", "red", [ "v0" ] ],
    [ "pot1:SIG", "uno:A0", "green", [ "v0" ] ]
  ],
  "dependencies": {}
}