{
  "version": 1,
  "author": "Anonymous maker",
  "editor": "wokwi",
  "parts": [
    { "type": "wokwi-arduino-uno", "id": "uno", "top": -57, "left": -77.4, "attrs": {} },
    { "type": "board-ds18b20", "id": "temp1", "top": -241.13, "left": -130.32, "attrs": {} },
    {
      "type": "wokwi-resistor",
      "id": "r1",
      "top": 51.95,
      "left": -86.4,
      "attrs": { "value": "4700" }
    }
  ],
  "connections": [
    [ "temp1:GND", "uno:GND.1", "black", [ "v0" ] ],
    [ "temp1:VCC", "uno:5V", "red", [ "v0" ] ],
    [ "temp1:DQ", "r1:1", "green", [ "v0" ] ],
    [ "r1:2", "uno:2", "green", [ "v0" ] ]
  ],
  "dependencies": {}
}