{
  "version": 1,
  "author": "Anonymous maker",
  "editor": "wokwi",
  "parts": [
    { "type": "wokwi-arduino-uno", "id": "uno", "top": -47.4, "left": 57, "attrs": {} },
    { "type": "wokwi-hc-sr04", "id": "ultrasonic1", "top": -171.3, "left": -148.1, "attrs": {} },
    { "type": "wokwi-lcd1602", "id": "lcd1", "top": -226.97, "left": 25.6, "attrs": {} }
  ],
  "connections": [
    [ "ultrasonic1:VCC", "uno:5V", "red", [ "v0" ] ],
    [ "ultrasonic1:GND", "uno:GND.1", "black", [ "v0" ] ],
    [ "ultrasonic1:ECHO", "uno:10", "green", [ "v0" ] ],
    [ "ultrasonic1:TRIG", "uno:9", "green", [ "v0" ] ],
    [ "lcd1:RS", "uno:12", "green", [ "v0" ] ],
    [ "lcd1:E", "uno:11", "green", [ "v0" ] ],
    [ "lcd1:D4", "uno:5", "green", [ "v0" ] ],
    [ "lcd1:D5", "uno:4", "green", [ "v0" ] ],
    [ "lcd1:D6", "uno:3", "green", [ "v0" ] ],
    [ "lcd1:D7", "uno:2", "green", [ "v0" ] ],
    [ "lcd1:RW", "uno:GND.1", "green", [ "v0" ] ],
    [ "lcd1:VSS", "uno:GND.1", "green", [ "v0" ] ],
    [ "lcd1:VDD", "uno:5V", "green", [ "v0" ] ]
  ],
  "dependencies": {}
}