{
  "version": 1,
  "author": "Anonymous maker",
  "editor": "wokwi",
  "parts": [
    { "type": "wokwi-arduino-uno", "id": "uno", "top": -57, "left": -77.4, "attrs": {} },
    { "type": "wokwi-led", "id": "led1", "top": -176.4, "left": 23, "attrs": { "color": "red" } },
    {
      "type": "wokwi-resistor",
      "id": "r1",
      "top": -140.05,
      "left": -48,
      "attrs": { "value": "220" }
    },
    {
      "type": "wokwi-led",
      "id": "led2",
      "top": -176.4,
      "left": 51.8,
      "attrs": { "color": "yellow" }
    },
    {
      "type": "wokwi-led",
      "id": "led3",
      "top": -176.4,
      "left": 80.6,
      "attrs": { "color": "limegreen" }
    },
    {
      "type": "wokwi-resistor",
      "id": "r2",
      "top": -120.85,
      "left": -9.6,
      "attrs": { "value": "220" }
    },
    {
      "type": "wokwi-resistor",
      "id": "r3",
      "top": -101.65,
      "left": 28.8,
      "attrs": { "value": "220" }
    }
  ],
  "connections": [
    [ "led1:A", "uno:13", "green", [ "v0" ] ],
    [ "led1:C", "r1:2", "green", [ "v0" ] ],
    [ "r1:1", "uno:GND.1", "green", [ "v0" ] ],
    [ "led2:C", "r2:2", "green", [ "v0" ] ],
    [ "r2:1", "uno:GND.1", "green", [ "v0" ] ],
    [ "led2:A", "uno:12", "green", [ "v0" ] ],
    [ "led3:C", "r3:2", "green", [ "v0" ] ],
    [ "led3:A", "uno:11", "green", [ "v0" ] ],
    [ "r3:1", "uno:GND.1", "green", [ "v0" ] ]
  ],
  "dependencies": {}
}