{
  "version": 1,
  "author": "Anonymous maker",
  "editor": "wokwi",
  "parts": [
    { "type": "wokwi-arduino-uno", "id": "uno", "top": 0.6, "left": -19.8, "attrs": {} },
    {
      "type": "wokwi-hc-sr04",
      "id": "ultrasonic1",
      "top": -123.3,
      "left": -119.3,
      "attrs": { "distance": "400" }
    },
    {
      "type": "wokwi-buzzer",
      "id": "bz1",
      "top": -237.6,
      "left": 126.6,
      "attrs": { "volume": "0.1" }
    },
    { "type": "wokwi-led", "id": "led1", "top": -166.8, "left": 167, "attrs": { "color": "red" } },
    {
      "type": "wokwi-resistor",
      "id": "r1",
      "top": -72,
      "left": 153.05,
      "rotate": 90,
      "attrs": { "value": "220" }
    },
    {
      "type": "wokwi-hc-sr04",
      "id": "ultrasonic2",
      "top": -267.3,
      "left": -119.3,
      "attrs": { "distance": "400" }
    },
    {
      "type": "wokwi-led",
      "id": "led2",
      "top": -166.8,
      "left": 205.4,
      "attrs": { "color": "red" }
    },
    {
      "type": "wokwi-resistor",
      "id": "r2",
      "top": -81.6,
      "left": 191.45,
      "rotate": 90,
      "attrs": { "value": "220" }
    },
    { "type": "wokwi-lcd2004", "id": "lcd2", "top": 16, "left": 284, "attrs": { "pins": "i2c" } }
  ],
  "connections": [
    [ "ultrasonic1:TRIG", "uno:2", "green", [ "v9.6", "h216.9" ] ],
    [ "ultrasonic1:VCC", "uno:5V", "red", [ "v144", "h150.4" ] ],
    [ "ultrasonic1:GND", "uno:GND.2", "black", [ "v134.4", "h129.9" ] ],
    [ "bz1:1", "uno:GND.1", "green", [ "v28.8", "h-57.9" ] ],
    [ "led1:C", "r1:1", "green", [ "v0" ] ],
    [ "r1:2", "uno:GND.1", "green", [ "h0" ] ],
    [ "led1:A", "uno:10", "green", [ "v96", "h-38.5" ] ],
    [ "ultrasonic1:ECHO", "uno:3", "green", [ "v19.2", "h18.4" ] ],
    [ "ultrasonic2:VCC", "uno:5V", "red", [ "v0" ] ],
    [ "ultrasonic2:GND", "uno:GND.1", "black", [ "v0" ] ],
    [ "ultrasonic2:ECHO", "uno:5", "green", [ "v0" ] ],
    [ "ultrasonic2:TRIG", "uno:4", "green", [ "v0" ] ],
    [ "bz1:2", "uno:9", "green", [ "v86.4", "h-20.4" ] ],
    [ "led2:C", "r2:1", "green", [ "v19.2", "h0.4" ] ],
    [ "r2:2", "uno:GND.1", "green", [ "h0" ] ],
    [ "led2:A", "uno:11", "green", [ "v9.6", "h-106.2" ] ],
    [ "lcd2:GND", "uno:GND.3", "black", [ "h0" ] ],
    [ "lcd2:VCC", "uno:5V", "red", [ "h0" ] ],
    [ "lcd2:SDA", "uno:A4", "green", [ "h0" ] ],
    [ "lcd2:SCL", "uno:A5", "green", [ "h0" ] ]
  ],
  "dependencies": {}
}